{
  "ABIRoot": {
    "kind": "Root",
    "name": "IronSourceAdQualitySDK",
    "printedName": "IronSourceAdQualitySDK",
    "children": [
      {
        "kind": "Import",
        "name": "Foundation",
        "printedName": "Foundation",
        "declKind": "Import",
        "moduleName": "IronSourceAdQualitySDK",
        "declAttributes": [
          "RawDocComment"
        ]
      },
      {
        "kind": "Import",
        "name": "UIKit",
        "printedName": "UIKit",
        "declKind": "Import",
        "moduleName": "IronSourceAdQualitySDK"
      },
      {
        "kind": "TypeDecl",
        "name": "ISAdQualitySwiftBridge",
        "printedName": "ISAdQualitySwiftBridge",
        "children": [
          {
            "kind": "Function",
            "name": "ov",
            "printedName": "ov(pa:o:)",
            "children": [
              {
                "kind": "TypeNominal",
                "name": "Optional",
                "printedName": "AnyObject?",
                "children": [
                  {
                    "kind": "TypeNominal",
                    "name": "ProtocolComposition",
                    "printedName": "AnyObject"
                  }
                ],
                "usr": "s:Sq"
              },
              {
                "kind": "TypeNominal",
                "name": "NSArray",
                "printedName": "Foundation.NSArray",
                "usr": "c:objc(cs)NSArray"
              },
              {
                "kind": "TypeNominal",
                "name": "ProtocolComposition",
                "printedName": "AnyObject"
              }
            ],
            "declKind": "Func",
            "usr": "c:@M@IronSourceAdQualitySDK@objc(cs)ISAdQualitySwiftBridge(cm)ovWithPa:o:",
            "mangledName": "$s22IronSourceAdQualitySDK04ISAdD11SwiftBridgeC2ov2pa1oyXlSgSo7NSArrayC_yXltFZ",
            "moduleName": "IronSourceAdQualitySDK",
            "static": true,
            "objc_name": "ovWithPa:o:",
            "declAttributes": [
              "Final",
              "AccessControl",
              "ObjC",
              "RawDocComment"
            ],
            "funcSelfKind": "NonMutating"
          },
          {
            "kind": "Function",
            "name": "ov",
            "printedName": "ov(p:o:)",
            "children": [
              {
                "kind": "TypeNominal",
                "name": "Optional",
                "printedName": "AnyObject?",
                "children": [
                  {
                    "kind": "TypeNominal",
                    "name": "ProtocolComposition",
                    "printedName": "AnyObject"
                  }
                ],
                "usr": "s:Sq"
              },
              {
                "kind": "TypeNominal",
                "name": "NSArray",
                "printedName": "Foundation.NSArray",
                "usr": "c:objc(cs)NSArray"
              },
              {
                "kind": "TypeNominal",
                "name": "ProtocolComposition",
                "printedName": "AnyObject"
              }
            ],
            "declKind": "Func",
            "usr": "c:@M@IronSourceAdQualitySDK@objc(cs)ISAdQualitySwiftBridge(cm)ovWithP:o:",
            "mangledName": "$s22IronSourceAdQualitySDK04ISAdD11SwiftBridgeC2ov1p1oyXlSgSo7NSArrayC_yXltFZ",
            "moduleName": "IronSourceAdQualitySDK",
            "static": true,
            "objc_name": "ovWithP:o:",
            "declAttributes": [
              "Final",
              "AccessControl",
              "ObjC",
              "RawDocComment"
            ],
            "funcSelfKind": "NonMutating"
          },
          {
            "kind": "Function",
            "name": "ovc",
            "printedName": "ovc(p:o:)",
            "children": [
              {
                "kind": "TypeNominal",
                "name": "Optional",
                "printedName": "AnyObject?",
                "children": [
                  {
                    "kind": "TypeNominal",
                    "name": "ProtocolComposition",
                    "printedName": "AnyObject"
                  }
                ],
                "usr": "s:Sq"
              },
              {
                "kind": "TypeNominal",
                "name": "NSArray",
                "printedName": "Foundation.NSArray",
                "usr": "c:objc(cs)NSArray"
              },
              {
                "kind": "TypeNominal",
                "name": "ProtocolComposition",
                "printedName": "AnyObject"
              }
            ],
            "declKind": "Func",
            "usr": "c:@M@IronSourceAdQualitySDK@objc(cs)ISAdQualitySwiftBridge(cm)ovcWithP:o:",
            "mangledName": "$s22IronSourceAdQualitySDK04ISAdD11SwiftBridgeC3ovc1p1oyXlSgSo7NSArrayC_yXltFZ",
            "moduleName": "IronSourceAdQualitySDK",
            "static": true,
            "objc_name": "ovcWithP:o:",
            "declAttributes": [
              "Final",
              "AccessControl",
              "ObjC",
              "RawDocComment"
            ],
            "funcSelfKind": "NonMutating"
          },
          {
            "kind": "Function",
            "name": "ov",
            "printedName": "ov(k:o:)",
            "children": [
              {
                "kind": "TypeNominal",
                "name": "Optional",
                "printedName": "AnyObject?",
                "children": [
                  {
                    "kind": "TypeNominal",
                    "name": "ProtocolComposition",
                    "printedName": "AnyObject"
                  }
                ],
                "usr": "s:Sq"
              },
              {
                "kind": "TypeNominal",
                "name": "NSString",
                "printedName": "Foundation.NSString",
                "usr": "c:objc(cs)NSString"
              },
              {
                "kind": "TypeNominal",
                "name": "ProtocolComposition",
                "printedName": "AnyObject"
              }
            ],
            "declKind": "Func",
            "usr": "c:@M@IronSourceAdQualitySDK@objc(cs)ISAdQualitySwiftBridge(cm)ovWithK:o:",
            "mangledName": "$s22IronSourceAdQualitySDK04ISAdD11SwiftBridgeC2ov1k1oyXlSgSo8NSStringC_yXltFZ",
            "moduleName": "IronSourceAdQualitySDK",
            "static": true,
            "objc_name": "ovWithK:o:",
            "declAttributes": [
              "Final",
              "AccessControl",
              "ObjC",
              "RawDocComment"
            ],
            "funcSelfKind": "NonMutating"
          },
          {
            "kind": "Function",
            "name": "ops",
            "printedName": "ops(o:)",
            "children": [
              {
                "kind": "TypeNominal",
                "name": "Dictionary",
                "printedName": "[Foundation.NSString : AnyObject]",
                "children": [
                  {
                    "kind": "TypeNominal",
                    "name": "NSString",
                    "printedName": "Foundation.NSString",
                    "usr": "c:objc(cs)NSString"
                  },
                  {
                    "kind": "TypeNominal",
                    "name": "ProtocolComposition",
                    "printedName": "AnyObject"
                  }
                ],
                "usr": "s:SD"
              },
              {
                "kind": "TypeNominal",
                "name": "ProtocolComposition",
                "printedName": "AnyObject"
              }
            ],
            "declKind": "Func",
            "usr": "c:@M@IronSourceAdQualitySDK@objc(cs)ISAdQualitySwiftBridge(cm)opsWithO:",
            "mangledName": "$s22IronSourceAdQualitySDK04ISAdD11SwiftBridgeC3ops1oSDySo8NSStringCyXlGyXl_tFZ",
            "moduleName": "IronSourceAdQualitySDK",
            "static": true,
            "objc_name": "opsWithO:",
            "declAttributes": [
              "Final",
              "AccessControl",
              "ObjC",
              "RawDocComment"
            ],
            "funcSelfKind": "NonMutating"
          },
          {
            "kind": "Function",
            "name": "gsod",
            "printedName": "gsod(o:i:)",
            "children": [
              {
                "kind": "TypeNominal",
                "name": "Optional",
                "printedName": "AnyObject?",
                "children": [
                  {
                    "kind": "TypeNominal",
                    "name": "ProtocolComposition",
                    "printedName": "AnyObject"
                  }
                ],
                "usr": "s:Sq"
              },
              {
                "kind": "TypeNominal",
                "name": "Optional",
                "printedName": "AnyObject?",
                "children": [
                  {
                    "kind": "TypeNominal",
                    "name": "ProtocolComposition",
                    "printedName": "AnyObject"
                  }
                ],
                "usr": "s:Sq"
              },
              {
                "kind": "TypeNominal",
                "name": "Int",
                "printedName": "Swift.Int",
                "usr": "s:Si"
              }
            ],
            "declKind": "Func",
            "usr": "c:@M@IronSourceAdQualitySDK@objc(cs)ISAdQualitySwiftBridge(cm)gsodWithO:i:",
            "mangledName": "$s22IronSourceAdQualitySDK04ISAdD11SwiftBridgeC4gsod1o1iyXlSgAG_SitFZ",
            "moduleName": "IronSourceAdQualitySDK",
            "static": true,
            "objc_name": "gsodWithO:i:",
            "declAttributes": [
              "Final",
              "AccessControl",
              "ObjC",
              "RawDocComment"
            ],
            "funcSelfKind": "NonMutating"
          },
          {
            "kind": "Function",
            "name": "cssts",
            "printedName": "cssts(a:)",
            "children": [
              {
                "kind": "TypeNominal",
                "name": "Optional",
                "printedName": "Foundation.NSString?",
                "children": [
                  {
                    "kind": "TypeNominal",
                    "name": "NSString",
                    "printedName": "Foundation.NSString",
                    "usr": "c:objc(cs)NSString"
                  }
                ],
                "usr": "s:Sq"
              },
              {
                "kind": "TypeNominal",
                "name": "NSArray",
                "printedName": "Foundation.NSArray",
                "usr": "c:objc(cs)NSArray"
              }
            ],
            "declKind": "Func",
            "usr": "c:@M@IronSourceAdQualitySDK@objc(cs)ISAdQualitySwiftBridge(cm)csstsWithA:",
            "mangledName": "$s22IronSourceAdQualitySDK04ISAdD11SwiftBridgeC5cssts1aSo8NSStringCSgSo7NSArrayC_tFZ",
            "moduleName": "IronSourceAdQualitySDK",
            "static": true,
            "objc_name": "csstsWithA:",
            "declAttributes": [
              "Final",
              "AccessControl",
              "ObjC",
              "RawDocComment"
            ],
            "funcSelfKind": "NonMutating"
          },
          {
            "kind": "Constructor",
            "name": "init",
            "printedName": "init()",
            "children": [
              {
                "kind": "TypeNominal",
                "name": "ISAdQualitySwiftBridge",
                "printedName": "IronSourceAdQualitySDK.ISAdQualitySwiftBridge",
                "usr": "c:@M@IronSourceAdQualitySDK@objc(cs)ISAdQualitySwiftBridge"
              }
            ],
            "declKind": "Constructor",
            "usr": "c:@M@IronSourceAdQualitySDK@objc(cs)ISAdQualitySwiftBridge(im)init",
            "mangledName": "$s22IronSourceAdQualitySDK04ISAdD11SwiftBridgeCACycfc",
            "moduleName": "IronSourceAdQualitySDK",
            "overriding": true,
            "implicit": true,
            "objc_name": "init",
            "declAttributes": [
              "Dynamic",
              "ObjC",
              "Override"
            ],
            "init_kind": "Designated"
          }
        ],
        "declKind": "Class",
        "usr": "c:@M@IronSourceAdQualitySDK@objc(cs)ISAdQualitySwiftBridge",
        "mangledName": "$s22IronSourceAdQualitySDK04ISAdD11SwiftBridgeC",
        "moduleName": "IronSourceAdQualitySDK",
        "declAttributes": [
          "AccessControl",
          "ObjC"
        ],
        "superclassUsr": "c:objc(cs)NSObject",
        "inheritsConvenienceInitializers": true,
        "superclassNames": [
          "ObjectiveC.NSObject"
        ],
        "conformances": [
          {
            "kind": "Conformance",
            "name": "Copyable",
            "printedName": "Copyable",
            "usr": "s:s8CopyableP",
            "mangledName": "$ss8CopyableP"
          },
          {
            "kind": "Conformance",
            "name": "Escapable",
            "printedName": "Escapable",
            "usr": "s:s9EscapableP",
            "mangledName": "$ss9EscapableP"
          },
          {
            "kind": "Conformance",
            "name": "Equatable",
            "printedName": "Equatable",
            "usr": "s:SQ",
            "mangledName": "$sSQ"
          },
          {
            "kind": "Conformance",
            "name": "Hashable",
            "printedName": "Hashable",
            "usr": "s:SH",
            "mangledName": "$sSH"
          },
          {
            "kind": "Conformance",
            "name": "CVarArg",
            "printedName": "CVarArg",
            "usr": "s:s7CVarArgP",
            "mangledName": "$ss7CVarArgP"
          },
          {
            "kind": "Conformance",
            "name": "_KeyValueCodingAndObservingPublishing",
            "printedName": "_KeyValueCodingAndObservingPublishing",
            "usr": "s:10Foundation37_KeyValueCodingAndObservingPublishingP",
            "mangledName": "$s10Foundation37_KeyValueCodingAndObservingPublishingP"
          },
          {
            "kind": "Conformance",
            "name": "_KeyValueCodingAndObserving",
            "printedName": "_KeyValueCodingAndObserving",
            "usr": "s:10Foundation27_KeyValueCodingAndObservingP",
            "mangledName": "$s10Foundation27_KeyValueCodingAndObservingP"
          },
          {
            "kind": "Conformance",
            "name": "CustomStringConvertible",
            "printedName": "CustomStringConvertible",
            "usr": "s:s23CustomStringConvertibleP",
            "mangledName": "$ss23CustomStringConvertibleP"
          },
          {
            "kind": "Conformance",
            "name": "CustomDebugStringConvertible",
            "printedName": "CustomDebugStringConvertible",
            "usr": "s:s28CustomDebugStringConvertibleP",
            "mangledName": "$ss28CustomDebugStringConvertibleP"
          }
        ]
      }
    ],
    "json_format_version": 8
  },
  "ConstValues": []
}